{
	"Badlands Cluster" : [{
		"position" : {
			"x": "center",
			"y": "bottom"
		}
	}],
	"Brocchi's Cluster": [{
		"position": {
			"x": "right",
			"y": "center"
		}
	}],
	"Chaine Cluster": [{
		"position": {
			"x": "center",
			"y": "top"
		}
	}],
	"Enders Cluster": [{
		"position": {
			"x": "right",
			"y": "center"
		}
	}],
	"Hyades Cluster" : [{
		"anchor": {
			"x" : "left",
			"y" : "center"
		},
		"position": {
			"x": "center",
			"y": "center",
			"dx": 15,
			"dy": -3.5
		},
		"connector": {
			"dx" : 9,
			"dy" : -3.5
		}
	}],
	"Ishtar": [{
		"position": {
			"x" : "left",
			"y" : "center"
		}
	}],
	"Jansen's Hold" : [{
		"position": {
			"x" : "center",
			"y" : "top",
			"dx": -3
		}
	}],
	"MacLeod's Land" : [{
		"position": {
			"x" : "center",
			"y" : "top"
		}
	}],
	"Pinard": [{
		"position": {
			"x" : "left",
			"y" : "center",
			"dy": -1.5
		}
	}],
	"Pleiades Cluster": [{
		"anchor": {
			"x": "center",
			"y": "center"
		},
		"position": {
			"x": "center",
			"y": "center",
			"dx": 0,
			"dy": 5
		}
	}, {
		"position": {
			"x": "right",
			"y": "center"
		}
	}],
	"Taurus": [{
		"position": {
			"x" : "center",
			"y" : "bottom",
			"dx": 1
		}
	}],
	"_glyphSettings" : {
        "lineHeight" : 2.5,
        "widths": {
            "0":1.36474609375, "1":1.36474609375, "2":1.36474609375, "3":1.36474609375, "4":1.36474609375,
            "5":1.36474609375, "6":1.36474609375, "7":1.36474609375, "8":1.36474609375, "9":1.36474609375,
            "A":1.4990234375, "B":1.473388671875, "C":1.50146484375, "D":1.695556640625, "E":1.402587890625,
            "F":1.3037109375, "G":1.668701171875, "H":1.688232421875, "I":0.9326171875, "J":1.041259765625,
            "K":1.4697265625, "L":1.243896484375, "M":1.92626953125, "N":1.668701171875, "O":1.768798828125,
            "P":1.378173828125, "Q":1.768798828125, "R":1.551513671875, "S":1.392822265625, "T":1.4599609375,
            "U":1.639404296875, "V":1.49169921875, "W":2.254638671875, "X":1.451416015625, "Y":1.4404296875,
            "Z":1.397705078125,
            "a":1.312255859375, "b":1.3818359375, "c":1.153564453125, "d":1.3818359375, "e":1.31591796875,
            "f":0.7958984375, "g":1.3818359375, "h":1.39404296875, "i":0.5712890625, "j":0.704345703125,
            "k":1.2451171875, "l":0.5712890625, "m":2.099609375, "n":1.39404296875, "o":1.357421875,
            "p":1.3818359375, "q":1.3818359375, "r":0.90087890625, "s":1.11572265625, "t":0.836181640625,
            "u":1.39404296875, "v":1.2451171875, "w":1.85546875, "x":1.23779296875, "y":1.2451171875,
            "z":1.11083984375,
            "'":0.52734375, " ":0.78125, "default": 1
        }
    },
	"_borderGlyphSettings" : {
		"lineHeight" : 2,
		"widths": {
			"0":1.2734375, "1":1.2734375, "2":1.2734375, "3":1.2734375, "4":1.2734375,
			"5":1.2734375, "6":1.2734375, "7":1.2734375, "8":1.2734375, "9":1.2734375,
			"A":1.369140625, "B":1.3720703125, "C":1.3349609375, "D":1.5146484375, "E":1.23046875,
			"F":1.162109375, "G":1.490234375, "H":1.5283203125, "I":0.966796875, "J":1.0009765625,
			"K":1.392578125, "L":1.14453125, "M":1.7861328125, "N":1.541015625, "O":1.5400390625,
			"P":1.314453125, "Q":1.5400390625, "R":1.4521484375, "S":1.2666015625, "T":1.224609375,
			"U":1.4775390625, "V":1.349609375, "W":2.0556640625, "X":1.369140625, "Y":1.3408203125,
			"Z":1.2451171875,
			"a":1.197265625, "b":1.263671875, "c":1.0546875, "d":1.2587890625, "e":1.1875,
			"f":0.7646484375, "g":1.2587890625, "h":1.2802734375, "i":0.603515625, "j":0.7255859375,
			"k":1.205078125, "l":0.603515625, "m":1.9072265625, "n":1.2802734375, "o":1.234375,
			"p":1.2587890625, "q":1.2587890625, "r":0.8671875, "s":1.029296875, "t":0.8310546875,
			"u":1.2802734375, "v":1.1572265625, "w":1.779296875, "x":1.208984375, "y":1.1513671875,
			"z":1.0517578125,
			"'":0.55078125, " ":0.5859375, "default": 1
		}
	}
}
